core_place,related_rank,related_place,category_datalab,address_datalab,visitjeju_id,place_name_visitjeju,category_visitjeju,address_visitjeju,core_latitude,core_longitude,alternative_latitude,alternative_longitude,straight_distance_km,visitjeju_matched,coordinate_available
서귀포매일올레시장,1,천지연폭포,자연관광,제주특별자치도 서귀포시,CONT_000000000500618,천지연폭포,관광지,제주특별자치도 서귀포시 남성중로 2-15,33.24828,126.56415,33.2447173,126.5598201,0.56,True,True
서귀포매일올레시장,2,정방폭포,자연관광,제주특별자치도 서귀포시,CONT_000000000500531,정방폭포,관광지,제주특별자치도 서귀포시 칠십리로214번길 37,33.24828,126.56415,33.244854,126.5718,0.81,True,True
서귀포매일올레시장,3,주상절리대,기타관광,제주특별자치도 서귀포시,CNTS_000000000020476,대포해안주상절리대,관광지,제주특별자치도 서귀포시 이어도로 36-24,33.24828,126.56415,33.23834,126.42586,12.91,True,True
서귀포매일올레시장,4,오는정김밥,음식,제주특별자치도 서귀포시,CNTS_000000000020123,오는정김밥,음식점,제주특별자치도 서귀포시 동문동로 2,33.24828,126.56415,33.249676,126.56757,0.35,True,True
서귀포매일올레시장,5,동백포레스트,체험관광,제주특별자치도 서귀포시,CNTS_200000000008003,동백포레스트,관광지,서귀포시 남원읍 신례리 1767,33.24828,126.56415,33.299995,126.6297939,8.39,True,True
제주국제공항,1,동문재래시장,쇼핑,제주특별자치도 제주시,CONT_000000000500745,동문재래시장,쇼핑,제주특별자치도 제주시 관덕로14길 20,33.5063344,126.4952613,33.5116033,126.5260192,2.91,True,True
제주국제공항,2,우진해장국/본관,음식,제주특별자치도 제주시,CNTS_000000000018375,우진해장국,음식점,제주특별자치도 제주시 서사로 11,33.5063344,126.4952613,33.5114884,126.5200864,2.37,True,True
제주국제공항,3,용두암,기타관광,제주특별자치도 제주시,CONT_000000000500469,용두암,관광지,제주특별자치도 제주시 용두암길 15,33.5063344,126.4952613,33.5149624,126.5116869,1.8,True,True
제주국제공항,4,이호테우해변,자연관광,제주특별자치도 제주시,CNTS_200000000007344,이호테우해수욕장,관광지,제주특별자치도 제주시 도리로 20,33.5063344,126.4952613,33.4961851,126.4559518,3.82,True,True
제주국제공항,5,함덕해수욕장,자연관광,제주특별자치도 제주시,CONT_000000000500693,함덕해수욕장,관광지,제주특별자치도 제주시 조천읍 조함해안로 525,33.5063344,126.4952613,33.5427261,126.6690893,16.61,True,True
동문재래시장,1,제주국제공항,기타관광,제주특별자치도 제주시,CNTS_000000000019568,제주국제공항,관광지,제주특별자치도 제주시 공항로 2,33.5116033,126.5260192,33.5063344,126.4952613,2.91,True,True
동문재래시장,2,함덕해수욕장,자연관광,제주특별자치도 제주시,CONT_000000000500693,함덕해수욕장,관광지,제주특별자치도 제주시 조천읍 조함해안로 525,33.5116033,126.5260192,33.5427261,126.6690893,13.71,True,True
동문재래시장,3,우진해장국/본관,음식,제주특별자치도 제주시,CNTS_000000000018375,우진해장국,음식점,제주특별자치도 제주시 서사로 11,33.5116033,126.5260192,33.5114884,126.5200864,0.55,True,True
동문재래시장,4,용두암,기타관광,제주특별자치도 제주시,CONT_000000000500469,용두암,관광지,제주특별자치도 제주시 용두암길 15,33.5116033,126.5260192,33.5149624,126.5116869,1.38,True,True
동문재래시장,5,이호테우해변,자연관광,제주특별자치도 제주시,CNTS_200000000007344,이호테우해수욕장,관광지,제주특별자치도 제주시 도리로 20,33.5116033,126.5260192,33.4961851,126.4559518,6.72,True,True
성산일출봉,1,섭지코지,기타관광,제주특별자치도 서귀포시,CONT_000000000500343,섭지코지,관광지,제주특별자치도 서귀포시 성산읍 섭지코지로 262,33.462147,126.936424,33.4236948,126.9296022,4.32,True,True
성산일출봉,2,아쿠아플라넷/제주,문화관광,제주특별자치도 서귀포시,CONT_000000000500565,아쿠아플라넷 제주,관광지,제주특별자치도 서귀포시 성산읍 섭지코지로 95,33.462147,126.936424,33.4325283,126.9272108,3.4,True,True
성산일출봉,3,성산포종합여객터미널,기타관광,제주특별자치도 서귀포시,CNTS_000000000022377,성산포항종합여객터미널,관광지,서귀포시 성산읍 성산등용로 130-21,33.462147,126.936424,33.47211,126.9332,1.15,True,True
성산일출봉,4,비자림,자연관광,제주특별자치도 제주시,CONT_000000000500270,비자림,관광지,제주특별자치도 제주시 구좌읍 비자숲길 55,33.462147,126.936424,33.491318,126.811386,12.04,True,True
성산일출봉,5,함덕해수욕장,자연관광,제주특별자치도 제주시,CONT_000000000500693,함덕해수욕장,관광지,제주특별자치도 제주시 조천읍 조함해안로 525,33.462147,126.936424,33.5427261,126.6690893,26.36,True,True
함덕해수욕장,1,김녕해수욕장,자연관광,제주특별자치도 제주시,CONT_000000000500083,김녕해수욕장,관광지,제주특별자치도 제주시 구좌읍 해맞이해안로 7-6,33.5427261,126.6690893,33.5570238,126.7598808,8.56,True,True
함덕해수욕장,2,제주국제공항,기타관광,제주특별자치도 제주시,CNTS_000000000019568,제주국제공항,관광지,제주특별자치도 제주시 공항로 2,33.5427261,126.6690893,33.5063344,126.4952613,16.61,True,True
함덕해수욕장,3,동문재래시장,쇼핑,제주특별자치도 제주시,CONT_000000000500745,동문재래시장,쇼핑,제주특별자치도 제주시 관덕로14길 20,33.5427261,126.6690893,33.5116033,126.5260192,13.71,True,True
함덕해수욕장,4,월정리해변,자연관광,제주특별자치도 제주시,CONT_000000000500496,월정리해수욕장,관광지,제주특별자치도 제주시 구좌읍 해맞이해안로 481,33.5427261,126.6690893,33.5551118,126.798641,12.08,True,True
함덕해수욕장,5,성산일출봉,자연관광,제주특별자치도 서귀포시,CONT_000000000500349,성산일출봉,관광지,제주특별자치도 서귀포시 성산읍 일출로 284-12,33.5427261,126.6690893,33.462147,126.936424,26.36,True,True
협재해수욕장,1,곽지해수욕장,자연관광,제주특별자치도 제주시,CONT_000000000500056,곽지해수욕장,관광지,제주특별자치도 제주시 애월읍 애월원당길 (곽지리),33.393845,126.239716,33.45122,126.3058,8.85,True,True
협재해수욕장,2,신창풍차해안도로,기타관광,제주특별자치도 제주시,CNTS_200000000007676,신창풍차해안도로,관광지,제주특별자치도 제주시 한경면 한경해안로 485,33.393845,126.239716,33.3430267,126.17217,8.44,True,True
협재해수욕장,3,금능해수욕장,자연관광,제주특별자치도 제주시,CONT_000000000500079,금능해수욕장,관광지,제주특별자치도 제주시 한림읍 금능길 119-10,33.393845,126.239716,33.390003,126.23591,0.55,True,True
협재해수욕장,4,오설록티뮤지엄,문화관광,제주특별자치도 서귀포시,CONT_000000000500457,오설록 티 뮤지엄,관광지,제주특별자치도 서귀포시 안덕면 신화역사로 15,33.393845,126.239716,33.30601,126.2901309,10.83,True,True
협재해수욕장,5,판포포구,자연관광,제주특별자치도 제주시,CNTS_000000000022542,판포포구,관광지,-,33.393845,126.239716,33.36537,126.19965,4.89,True,True
오설록티뮤지엄,1,카멜리아힐,문화관광,제주특별자치도 서귀포시,CNTS_000000000001195,카멜리아힐,관광지,제주 서귀포시 안덕면 병악로 166,33.30601,126.2901309,33.289135,126.37011,7.67,True,True
오설록티뮤지엄,2,협재해수욕장,자연관광,제주특별자치도 제주시,CONT_000000000500697,협재해수욕장,관광지,제주 제주시 한림읍 협재리 2497-1,33.30601,126.2901309,33.393845,126.239716,10.83,True,True
오설록티뮤지엄,3,바이나흐튼크리스마스박물관,문화관광,제주특별자치도 서귀포시,CNTS_000000000022743,바이나흐튼 크리스마스 박물관,관광지,제주특별자치도 서귀포시 안덕면 평화로 654,33.30601,126.2901309,33.308956,126.3279,3.53,True,True
오설록티뮤지엄,4,용머리해안,기타관광,제주특별자치도 서귀포시,CONT_000000000500471,용머리해안,관광지,제주특별자치도 서귀포시 안덕면 사계리 112-3,33.30601,126.2901309,33.2334272,126.313741,8.36,True,True
오설록티뮤지엄,5,서귀포매일올레시장,쇼핑,제주특별자치도 서귀포시,CONT_000000000500731,서귀포매일올레시장,쇼핑,서귀포시 중앙로 62번길 18,33.30601,126.2901309,33.24828,126.56415,26.27,True,True
섭지코지,1,성산일출봉,자연관광,제주특별자치도 서귀포시,CONT_000000000500349,성산일출봉,관광지,제주특별자치도 서귀포시 성산읍 일출로 284-12,33.4236948,126.9296022,33.462147,126.936424,4.32,True,True
섭지코지,2,아쿠아플라넷/제주,문화관광,제주특별자치도 서귀포시,CONT_000000000500565,아쿠아플라넷 제주,관광지,제주특별자치도 서귀포시 성산읍 섭지코지로 95,33.4236948,126.9296022,33.4325283,126.9272108,1.01,True,True
섭지코지,3,서귀피안베이커리,음식,제주특별자치도 서귀포시,CNTS_200000000012788,서귀피안 베이커리,음식점,제주특별자치도 서귀포시 성산읍 신양로122번길 17(2층),33.4236948,126.9296022,33.4352867,126.9218661,1.48,True,True
섭지코지,4,광치기해변,자연관광,제주특별자치도 서귀포시,CNTS_000000000018413,광치기해변,관광지,제주특별자치도 서귀포시 성산읍 섭지코지로 63,33.4236948,126.9296022,33.452452755358465,126.92458139419557,3.23,True,True
섭지코지,5,성산포종합여객터미널,기타관광,제주특별자치도 서귀포시,CNTS_000000000022377,성산포항종합여객터미널,관광지,서귀포시 성산읍 성산등용로 130-21,33.4236948,126.9296022,33.47211,126.9332,5.39,True,True
주상절리대,1,서귀포매일올레시장,쇼핑,제주특별자치도 서귀포시,CONT_000000000500731,서귀포매일올레시장,쇼핑,서귀포시 중앙로 62번길 18,33.23834,126.42586,33.24828,126.56415,12.91,True,True
주상절리대,2,천제연폭포,자연관광,제주특별자치도 서귀포시,CNTS_000000000022879,천제연폭포 & 제주4.3중문면희생자위령비,관광지,제주특별자치도 서귀포시 천제연로 132,33.23834,126.42586,33.252678,126.41844,1.74,True,True
주상절리대,3,천지연폭포,자연관광,제주특별자치도 서귀포시,CONT_000000000500618,천지연폭포,관광지,제주특별자치도 서귀포시 남성중로 2-15,33.23834,126.42586,33.2447173,126.5598201,12.48,True,True
주상절리대,4,용머리해안,기타관광,제주특별자치도 서귀포시,CONT_000000000500471,용머리해안,관광지,제주특별자치도 서귀포시 안덕면 사계리 112-3,33.23834,126.42586,33.2334272,126.313741,10.44,True,True
주상절리대,5,연돈,음식,제주특별자치도 서귀포시,,,,,33.23834,126.42586,,,,False,False
용머리해안,1,오설록티뮤지엄,문화관광,제주특별자치도 서귀포시,CONT_000000000500457,오설록 티 뮤지엄,관광지,제주특별자치도 서귀포시 안덕면 신화역사로 15,33.2334272,126.313741,33.30601,126.2901309,8.36,True,True
용머리해안,2,산방산,자연관광,제주특별자치도 서귀포시,CONT_000000000500285,산방산,관광지,제주특별자치도 서귀포시 안덕면 사계리 산 16,33.2334272,126.313741,33.236614,126.31289,0.36,True,True
용머리해안,3,주상절리대,기타관광,제주특별자치도 서귀포시,CNTS_000000000020476,대포해안주상절리대,관광지,제주특별자치도 서귀포시 이어도로 36-24,33.2334272,126.313741,33.23834,126.42586,10.44,True,True
용머리해안,4,서귀포매일올레시장,쇼핑,제주특별자치도 서귀포시,CONT_000000000500731,서귀포매일올레시장,쇼핑,서귀포시 중앙로 62번길 18,33.2334272,126.313741,33.24828,126.56415,23.35,True,True
용머리해안,5,산방산유채꽃밭,기타관광,제주특별자치도 서귀포시,,,,,33.2334272,126.313741,,,,False,False
