related_place,category_datalab,search_radius_m,LINK_ID,ROAD_NAME,MAX_SPD,LENGTH,distance_m
천지연폭포,자연관광,500,4060216700,중앙로47번길,50,47.831650623175,442.7
천지연폭포,자연관광,500,4060033300,중정로,30,94.873568348612,375.4
천지연폭포,자연관광,500,4060227900,태평로401번길,50,51.40737466887,329.1
천지연폭포,자연관광,500,4060071300,칠십리로,50,63.260245612985,170.8
천지연폭포,자연관광,500,4060031502,솔동산로22번길,50,86.578468838269,226.2
천지연폭포,자연관광,500,4060032500,솔동산로21번길,30,100.892619869435,435.6
천지연폭포,자연관광,500,4060071200,칠십리로,50,64.910423454578,159.7
천지연폭포,자연관광,500,4060031601,솔동산로22번길,50,100.267429633235,206.9
천지연폭포,자연관광,500,4060143202,중정로,50,72.203367919721,416.2
천지연폭포,자연관광,500,4060229100,중정로5번길,50,115.134027646464,437.0
천지연폭포,자연관광,500,4060227000,명동로,50,56.941476052139,264.1
천지연폭포,자연관광,500,4060071400,태평로,50,300.159407712041,457.3
천지연폭포,자연관광,500,4060229000,중정로5번길,50,115.134038708868,447.8
천지연폭포,자연관광,500,4060228300,솔동산로10번길,50,58.239778418802,354.0
천지연폭포,자연관광,500,4060228200,솔동산로10번길,50,53.76317323491,359.0
천지연폭포,자연관광,500,4060224300,-,40,78.662016583315,321.4
천지연폭포,자연관광,500,4060032302,솔동산로,30,104.518032313245,419.4
천지연폭포,자연관광,500,4060137500,칠십리로,30,322.063352037588,406.6
천지연폭포,자연관광,500,4060242000,남성중로121번길,50,274.866120987933,376.5
천지연폭포,자연관광,500,4060037300,중정로,50,29.140682043617,363.4
천지연폭포,자연관광,500,4060143000,태평로,50,299.404390191108,199.8
천지연폭포,자연관광,500,4060242100,남성중로121번길,50,265.945927294947,386.9
천지연폭포,자연관광,500,4060077301,태평로353번길,50,20.43424544957,324.5
천지연폭포,자연관광,500,4060224900,태평로401번길,50,52.765543529295,328.3
천지연폭포,자연관광,500,4060137701,남성로,50,192.026090766428,455.2
천지연폭포,자연관광,500,4060142303,서문로,50,137.23874978627,448.1
천지연폭포,자연관광,500,4060226700,태평로353번길,50,128.547196598531,158.0
천지연폭포,자연관광,500,4060241500,중앙로4번길,50,100.658805984727,216.3
천지연폭포,자연관광,500,4060143300,태평로,50,342.124468650517,126.5
천지연폭포,자연관광,500,4060139301,남성중로,40,207.537677194554,157.2
천지연폭포,자연관광,500,4060031602,솔동산로22번길,50,141.848378090243,284.1
천지연폭포,자연관광,500,4060142304,서문로,30,116.976402441361,490.4
천지연폭포,자연관광,500,4060031200,태평로,50,323.716135910626,138.6
천지연폭포,자연관광,500,4060143102,중정로,50,58.086886137204,368.9
천지연폭포,자연관광,500,4060071500,태평로,50,300.838130966156,447.5
천지연폭포,자연관광,500,4060143101,중정로,30,50.23288883478,412.7
천지연폭포,자연관광,500,4060139401,남성중로,40,68.109996631723,386.9
천지연폭포,자연관광,500,4060227800,태평로401번길,50,51.407438398634,317.1
천지연폭포,자연관광,500,4060031301,태평로,50,100.445930557511,226.2
천지연폭포,자연관광,500,4060031302,태평로,50,90.539934803846,332.9
천지연폭포,자연관광,500,4060031402,태평로,50,109.906945690173,216.3
천지연폭포,자연관광,500,4060032900,태평로,50,74.524032651903,432.3
천지연폭포,자연관광,500,4060033000,태평로,50,70.728515492792,436.1
천지연폭포,자연관광,500,4060077502,중앙로,50,69.180799707058,321.3
천지연폭포,자연관광,500,4060077503,중앙로,50,33.876305127775,215.6
천지연폭포,자연관광,500,4060077504,중앙로,50,197.588204710363,217.5
천지연폭포,자연관광,500,4060077601,중앙로,50,66.574875710195,313.8
천지연폭포,자연관광,500,4060077603,중앙로,50,234.676675657066,204.3
천지연폭포,자연관광,500,4060142501,중앙로,50,194.74642957595,385.8
천지연폭포,자연관광,500,4060142602,중앙로,50,196.325380284744,377.5
천지연폭포,자연관광,500,4060226600,태평로353번길,50,58.267363960095,167.5
천지연폭포,자연관광,500,4060031501,솔동산로22번길,50,126.496173337208,298.8
천지연폭포,자연관광,500,4060077302,태평로353번길,40,114.982308031904,240.5
천지연폭포,자연관광,500,4060228700,중정로5번길,50,73.979255451054,406.8
천지연폭포,자연관광,500,4060137600,칠십리로,30,302.23812997494,205.1
천지연폭포,자연관광,500,4060223800,태평로353번길,50,47.145613606376,274.5
천지연폭포,자연관광,500,4060228600,중정로5번길,50,83.426438707224,416.2
천지연폭포,자연관광,500,4060032301,솔동산로,40,91.979997108138,419.6
천지연폭포,자연관광,500,4060228100,솔동산로10번길,50,56.497518314546,298.8
천지연폭포,자연관광,500,4060037200,중정로,50,30.321947872648,351.8
천지연폭포,자연관광,500,4060216600,중앙로47번길,50,47.974496635874,447.8
천지연폭포,자연관광,500,4060139100,남성중로,40,256.114137944852,447.8
천지연폭포,자연관광,500,4060223900,태평로353번길,50,41.10715478077,268.8
천지연폭포,자연관광,500,4060143201,중정로,30,18.193948629574,345.8
천지연폭포,자연관광,500,4060224200,-,40,80.253178606578,332.9
천지연폭포,자연관광,500,4060077402,태평로353번길,40,43.604549068173,316.4
천지연폭포,자연관광,500,4060031401,태평로,50,95.373242417236,331.0
천지연폭포,자연관광,500,4060032600,솔동산로21번길,30,102.993626238026,436.1
천지연폭포,자연관광,500,4060032402,솔동산로,40,86.713606062005,408.2
천지연폭포,자연관광,500,4060142404,서문로,50,49.841836882213,480.9
천지연폭포,자연관광,500,4060139302,남성중로,40,66.923449100097,380.6
천지연폭포,자연관광,500,4060077401,태평로353번길,50,67.391898036645,202.6
천지연폭포,자연관광,500,4060032401,솔동산로,30,98.429134486966,408.0
천지연폭포,자연관광,500,4060224800,태평로401번길,50,54.610171398133,316.3
천지연폭포,자연관광,500,4060031800,솔동산로,30,53.462926634215,409.8
천지연폭포,자연관광,500,4060139402,남성중로,40,77.048717907171,312.6
천지연폭포,자연관광,500,4060241400,중앙로4번길,50,99.745583008324,217.5
천지연폭포,자연관광,500,4060142900,태평로,50,277.792411717122,212.8
천지연폭포,자연관광,500,4060227100,명동로,50,12.421789778768,306.0
천지연폭포,자연관광,500,4060228000,솔동산로10번길,50,68.182749219356,282.6
정방폭포,자연관광,500,4060078800,태평로,50,50.423863224379,411.5
정방폭포,자연관광,500,4060231200,동홍서로,40,83.162870924304,497.2
정방폭포,자연관광,500,4060057400,중정로,30,179.127787854565,452.6
정방폭포,자연관광,500,4060043001,소암로,30,71.573104549893,186.2
정방폭포,자연관광,500,4060044200,중정로,30,97.754490505064,492.8
정방폭포,자연관광,500,4060078700,태평로,50,56.341694978971,399.5
정방폭포,자연관광,500,4060033700,칠십리로,40,53.659505322291,198.0
정방폭포,자연관광,500,4060043201,칠십리로,40,53.564379290047,373.7
정방폭포,자연관광,500,4060078100,소암로12번길,30,301.86098832685,447.8
정방폭포,자연관광,500,4060042502,태평로442번길,50,48.328599228672,370.7
정방폭포,자연관광,500,4060044100,태평로,50,149.368282818197,413.3
정방폭포,자연관광,500,4060043600,칠십리로214번길,40,314.293078794649,162.4
정방폭포,자연관광,500,4060042402,태평로442번길,50,84.055545070227,381.4
정방폭포,자연관광,500,4060043002,소암로,40,87.339742069402,270.4
정방폭포,자연관광,500,4060041900,소암로,30,115.248743009155,448.1
정방폭포,자연관광,500,4060241200,정방로,40,75.362674615955,319.8
정방폭포,자연관광,500,4060043101,소암로,30,87.339742069413,270.7
정방폭포,자연관광,500,4060043102,소암로,40,60.136849761025,198.0
정방폭포,자연관광,500,4060227200,정방로,50,86.605615341519,270.4
정방폭포,자연관광,500,4060043202,칠십리로,40,473.586931770017,113.9
정방폭포,자연관광,500,4060042401,태평로442번길,50,53.652953810166,357.7
정방폭포,자연관광,500,4060041700,칠십리로,40,371.220679957606,189.2
정방폭포,자연관광,500,4060043301,칠십리로,40,291.641237835378,101.1
정방폭포,자연관광,500,4060058000,태평로,30,86.587577845218,412.6
정방폭포,자연관광,500,4060042200,태평로,50,95.933606016476,447.8
정방폭포,자연관광,500,4060042300,태평로,50,93.995077496081,457.9
정방폭포,자연관광,500,4060042600,태평로,50,113.184774325098,402.4
정방폭포,자연관광,500,4060042700,태평로,50,120.170996476702,413.3
정방폭포,자연관광,500,4060042800,정방로,60,171.986823563981,412.3
정방폭포,자연관광,500,4060042900,정방로,60,182.498723795936,413.3
정방폭포,자연관광,500,4060057501,태평로,50,37.328334485521,440.2
정방폭포,자연관광,500,4060057502,태평로,50,25.30176451713,496.2
정방폭포,자연관광,500,4060057602,태평로,50,73.834379838145,464.9
정방폭포,자연관광,500,4060078300,소암로,30,64.735163737896,370.7
정방폭포,자연관광,500,4060231500,태평로512번길,40,270.823469299736,373.7
정방폭포,자연관광,500,4060057900,태평로,30,48.803158951912,478.0
정방폭포,자연관광,500,4060078200,소암로12번길,30,284.903115027386,436.5
정방폭포,자연관광,500,4060041800,소암로,30,102.19143352497,446.0
정방폭포,자연관광,500,4060043700,칠십리로214번길,40,144.544322658955,163.8
정방폭포,자연관광,500,4060043500,동부로,30,294.796354151066,179.9
정방폭포,자연관광,500,4060078400,소암로,30,64.735155494654,373.3
정방폭포,자연관광,500,4060227400,정방로,50,126.088449156134,310.7
정방폭포,자연관광,500,4060042501,태평로442번길,50,73.366760814852,392.4
정방폭포,자연관광,500,4060241300,정방로,40,78.952040573936,312.5
정방폭포,자연관광,500,4060043800,칠십리로,40,232.194307262764,440.2
정방폭포,자연관광,500,4060227500,정방로,50,118.827174558222,319.8
정방폭포,자연관광,500,4060227300,정방로,50,91.453258598851,257.7
정방폭포,자연관광,500,4060043900,칠십리로,40,136.899956359475,430.6
정방폭포,자연관광,500,4060043400,동부로,30,317.878278407475,167.9
정방폭포,자연관광,500,4060044000,태평로,50,148.827663871627,401.3
주상절리대,기타관광,500,4060218500,대포중앙로,50,475.68345902172,462.5
주상절리대,기타관광,500,4060048900,이어도로,50,167.122856023908,305.0
주상절리대,기타관광,500,4060118300,이어도로,50,203.161460768502,95.3
주상절리대,기타관광,500,4060218400,대포중앙로,50,472.269516574284,451.6
주상절리대,기타관광,500,4060118200,이어도로,50,212.9374638037,89.7
주상절리대,기타관광,500,4060118100,대포동서로,50,317.526629656801,387.0
주상절리대,기타관광,500,4060048500,이어도로,50,178.421999544497,387.0
주상절리대,기타관광,500,4060118000,대포동서로,50,60.740160683797,379.1
주상절리대,기타관광,500,4060538201,-,30,133.489853441507,281.6
주상절리대,기타관광,500,4060048700,이어도로,10,32.164540253758,345.3
주상절리대,기타관광,500,4060048600,이어도로,50,177.713235681632,378.0
주상절리대,기타관광,500,4060049000,이어도로,50,167.794888325077,293.2
주상절리대,기타관광,500,4060048800,이어도로,10,30.676508609134,354.8
주상절리대,기타관광,500,4060118401,이어도로,50,445.845617457211,462.5
주상절리대,기타관광,500,4060118502,이어도로,50,451.75757299511,456.1
오는정김밥,음식,500,4060078800,태평로,50,50.423863224379,271.9
오는정김밥,음식,500,4060033300,중정로,30,94.873568348612,475.7
오는정김밥,음식,500,4060231200,동홍서로,40,83.162870924304,288.1
오는정김밥,음식,500,4060084400,태평로537번길,50,34.696707670171,468.9
오는정김밥,음식,500,4060229300,중앙로54번길,50,102.823710648136,449.3
오는정김밥,음식,500,4060085600,태평로537번길,50,51.870541783804,499.8
오는정김밥,음식,500,4060057400,중정로,30,179.127787854565,112.5
오는정김밥,음식,500,4060142700,동문로,30,377.077425239258,312.8
오는정김밥,음식,500,4060085300,문부로,40,51.970534924455,452.9
오는정김밥,음식,500,4060044200,중정로,30,97.754490505064,125.4
오는정김밥,음식,500,4060078700,태평로,50,56.341694978971,282.2
오는정김밥,음식,500,4060083500,문부로,40,92.69733593857,339.3
오는정김밥,음식,500,4060079200,동홍로,50,103.491929016016,331.4
오는정김밥,음식,500,4060033200,중정로,30,138.69104612982,109.9
오는정김밥,음식,500,4060082700,태평로537번길,50,57.374153427976,396.9
오는정김밥,음식,500,4060042502,태평로442번길,50,48.328599228672,473.5
오는정김밥,음식,500,4060243000,중앙로72번길,50,93.322130413756,318.8
오는정김밥,음식,500,4060142800,동문로,30,375.636803178813,64.4
오는정김밥,음식,500,4060044100,태평로,50,149.368282818197,235.5
오는정김밥,음식,500,4060059800,문부로11번길,50,38.350780120908,396.9
오는정김밥,음식,500,4060085500,문부로,50,81.394045925583,452.9
오는정김밥,음식,500,4060042402,태평로442번길,50,84.055545070227,400.2
오는정김밥,음식,500,4060084300,태평로537번길,50,84.182436187837,425.5
오는정김밥,음식,500,4060231700,동홍서로,30,111.138287079395,223.1
오는정김밥,음식,500,4060084900,문부로,50,33.251569008365,412.2
오는정김밥,음식,500,4060084500,태평로537번길,50,34.696707670158,479.0
오는정김밥,음식,500,4060243300,일주동로8625번길,50,98.445197606678,431.4
오는정김밥,음식,500,4060241200,정방로,40,75.362674615955,441.7
오는정김밥,음식,500,4060085900,동홍중앙로,30,79.517241455848,496.0
오는정김밥,음식,500,4060084000,동홍서로,50,34.866118332281,377.3
오는정김밥,음식,500,4060231300,동홍서로,40,61.831586978357,302.9
오는정김밥,음식,500,4060231800,동홍서로,40,144.040823807987,287.6
오는정김밥,음식,500,4060083200,문부로,40,48.481079109851,294.4
오는정김밥,음식,500,4060227200,정방로,50,86.605615341519,453.6
오는정김밥,음식,500,4060082800,문부로11번길,50,28.488423610919,354.2
오는정김밥,음식,500,4060042401,태평로442번길,50,53.652953810166,471.2
오는정김밥,음식,500,4060084200,태평로537번길,50,84.710491604447,413.9
오는정김밥,음식,500,4060079000,문부로,40,104.358917015063,267.9
오는정김밥,음식,500,4060085400,문부로,50,81.813191702986,443.7
오는정김밥,음식,500,4060243100,중앙로72번길,50,93.963829466565,330.9
오는정김밥,음식,500,4060067900,동홍서로,50,123.740663123053,425.5
오는정김밥,음식,500,4060083800,동홍서로,50,39.007616861991,332.4
오는정김밥,음식,500,4060084800,문부로,50,33.061443064162,403.6
오는정김밥,음식,500,4060083100,문부로11번길,50,48.592739450778,305.7
오는정김밥,음식,500,4060229200,중앙로54번길,50,101.330349112426,452.5
오는정김밥,음식,500,4060079100,동홍로,50,102.900912462059,318.4
오는정김밥,음식,500,4060085000,문부로,40,40.224497899238,403.9
오는정김밥,음식,500,4060078900,문부로,40,104.194252523982,255.0
오는정김밥,음식,500,4060058000,태평로,30,86.587577845218,391.9
오는정김밥,음식,500,4060083300,문부로,40,48.481079109867,305.7
오는정김밥,음식,500,4060042200,태평로,50,95.933606016476,408.8
오는정김밥,음식,500,4060042300,태평로,50,93.995077496081,399.6
오는정김밥,음식,500,4060042600,태평로,50,113.184774325098,324.2
오는정김밥,음식,500,4060042700,태평로,50,120.170996476702,309.8
오는정김밥,음식,500,4060042800,정방로,60,171.986823563981,130.3
오는정김밥,음식,500,4060042900,정방로,60,182.498723795936,128.7
오는정김밥,음식,500,4060057501,태평로,50,37.328334485521,251.8
오는정김밥,음식,500,4060057502,태평로,50,25.30176451713,332.4
오는정김밥,음식,500,4060057601,태평로,50,25.301736979106,322.1
오는정김밥,음식,500,4060057602,태평로,50,73.834379838145,269.7
오는정김밥,음식,500,4060057700,태평로,50,95.544988456692,352.9
오는정김밥,음식,500,4060057800,태평로,50,54.456536685798,407.6
오는정김밥,음식,500,4060058100,동홍로,50,354.721990781303,22.9
오는정김밥,음식,500,4060058200,동홍로,50,357.919172013878,34.2
오는정김밥,음식,500,4060058300,동홍로,50,52.601025143602,266.5
오는정김밥,음식,500,4060058400,동홍로,50,51.053023488922,267.9
오는정김밥,음식,500,4060058500,동홍로,50,209.880173935404,330.9
오는정김밥,음식,500,4060058600,동홍로,50,214.677414390797,331.4
오는정김밥,음식,500,4060059301,태평로,30,128.964800313023,467.8
오는정김밥,음식,500,4060078500,태평로,50,25.736665609966,480.7
오는정김밥,음식,500,4060078600,태평로,50,25.736640482419,471.5
오는정김밥,음식,500,4060083900,동홍서로,50,38.135692686869,339.3
오는정김밥,음식,500,4060083000,문부로11번길,50,47.931902706382,300.2
오는정김밥,음식,500,4060057900,태평로,30,48.803158951912,345.9
오는정김밥,음식,500,4060041800,소암로,30,102.19143352497,498.7
오는정김밥,음식,500,4060059500,동홍중앙로,40,152.465062920951,457.6
오는정김밥,음식,500,4060083600,동홍서로,50,88.124247897315,382.8
오는정김밥,음식,500,4060085100,문부로,40,40.224497899302,412.2
오는정김밥,음식,500,4060230800,중앙로72번길,50,70.866797133325,329.5
오는정김밥,음식,500,4060043500,동부로,30,294.796354151066,282.2
오는정김밥,음식,500,4060084700,문부로,50,36.421938488258,443.0
오는정김밥,음식,500,4060227400,정방로,50,126.088449156134,314.6
오는정김밥,음식,500,4060082600,태평로537번길,50,56.472777432816,384.8
오는정김밥,음식,500,4060042000,태평로431번길,50,316.190612635271,199.8
오는정김밥,음식,500,4060083700,동홍서로,50,89.351908925255,371.5
오는정김밥,음식,500,4060231900,동홍서로,40,22.788297884526,299.2
오는정김밥,음식,500,4060082900,문부로11번길,50,28.488423610919,358.1
오는정김밥,음식,500,4060042501,태평로442번길,50,73.366760814852,408.8
오는정김밥,음식,500,4060083400,문부로,40,92.697335938572,329.2
오는정김밥,음식,500,4060241300,정방로,40,78.952040573936,453.6
오는정김밥,음식,500,4060243200,일주동로8625번길,50,90.082628903521,340.6
오는정김밥,음식,500,4060227500,정방로,50,118.827174558222,324.2
오는정김밥,음식,500,4060033100,중정로,30,138.1943528011,122.9
오는정김밥,음식,500,4060059700,문부로11번길,50,119.328042902582,392.4
오는정김밥,음식,500,4060230900,중앙로72번길,50,70.866792375199,341.5
오는정김밥,음식,500,4060227300,정방로,50,91.453258598851,452.0
오는정김밥,음식,500,4060059900,동홍서로,50,123.477107601947,420.2
오는정김밥,음식,500,4060231400,태평로512번길,40,104.648871448544,457.1
오는정김밥,음식,500,4060084100,동홍서로,50,35.32277682464,382.8
오는정김밥,음식,500,4060059600,동홍중앙로,40,159.763186917268,445.5
오는정김밥,음식,500,4060033400,중정로,30,180.470748394238,192.5
오는정김밥,음식,500,4060231600,동홍서로,30,124.193955264409,212.2
오는정김밥,음식,500,4060043400,동부로,30,317.878278407475,276.0
오는정김밥,음식,500,4060084600,문부로,50,37.026464300977,434.9
오는정김밥,음식,500,4060085200,문부로,40,53.133878085691,445.4
오는정김밥,음식,500,4060042100,태평로431번길,50,312.191219271682,190.6
오는정김밥,음식,500,4060044000,태평로,50,148.827663871627,247.6
동백포레스트,체험관광,500,4060407000,신례동로,50,294.534006901571,336.2
동문재래시장,쇼핑,500,4050192101,산지로,30,113.635199858377,234.7
동문재래시장,쇼핑,500,4050180802,오현길,40,60.675842988573,69.0
동문재래시장,쇼핑,500,4050176202,오현길,40,61.956130334002,190.9
동문재래시장,쇼핑,500,4050173000,오현길,30,114.829373305787,350.6
동문재래시장,쇼핑,500,4050176203,오현길,40,74.219987701256,264.4
동문재래시장,쇼핑,500,4050180702,오현길,30,178.680536903178,55.1
동문재래시장,쇼핑,500,4050342900,만덕로6길,50,46.306136239029,314.8
동문재래시장,쇼핑,500,4050191101,동문로,60,101.896973308692,314.8
동문재래시장,쇼핑,500,4050176101,오현길,30,74.138170836325,266.1
동문재래시장,쇼핑,500,4050191300,동문로,50,176.060494815701,404.8
동문재래시장,쇼핑,500,4050341200,관덕로15길,40,57.122893259187,441.9
동문재래시장,쇼핑,500,4050204700,북성로,30,89.787741588658,473.8
동문재래시장,쇼핑,500,4050341100,관덕로15길,50,87.83182375603,432.0
동문재래시장,쇼핑,500,4050200500,산지로,60,10.922625534241,424.2
동문재래시장,쇼핑,500,4050349700,중앙로5길,40,67.815766558192,427.7
동문재래시장,쇼핑,500,4050190000,관덕로,60,426.99314675129,219.6
동문재래시장,쇼핑,500,4050340400,동문로8길,40,114.45170219126,274.7
동문재래시장,쇼핑,500,4050201400,중앙로7길,50,20.824774426948,405.6
동문재래시장,쇼핑,500,4050192902,중앙로,50,182.898299145686,219.6
동문재래시장,쇼핑,500,4050200600,산지로,60,10.923898160273,422.9
동문재래시장,쇼핑,500,4050192202,산지로,50,124.279091407641,226.5
동문재래시장,쇼핑,500,4050176102,오현길,40,23.656045533936,230.8
동문재래시장,쇼핑,500,4050181502,성지로,40,191.377364026174,155.9
동문재래시장,쇼핑,500,4050339800,중앙로13길,50,60.549502540586,203.6
동문재래시장,쇼핑,500,4050339200,동문로2길,50,255.939860911769,44.6
동문재래시장,쇼핑,500,4050192000,관덕로,50,272.494231681806,172.3
동문재래시장,쇼핑,500,4050191202,동문로,60,102.464998253996,308.5
동문재래시장,쇼핑,500,4050317300,동문로6길,50,31.214585279873,255.4
동문재래시장,쇼핑,500,4050204900,중앙로,50,129.445559984624,459.5
동문재래시장,쇼핑,500,4050340100,동문로6길,50,110.259810932738,254.9
동문재래시장,쇼핑,500,4050201300,중앙로7길,50,25.887481514874,416.6
동문재래시장,쇼핑,500,4050340800,중앙로7길,30,24.727541580513,394.6
동문재래시장,쇼핑,500,4050339400,중앙로19길,10,75.953985873172,252.3
동문재래시장,쇼핑,500,4050201500,산지로,50,52.075122710349,447.1
동문재래시장,쇼핑,500,4050175400,중앙로21길,30,47.407294927027,338.2
동문재래시장,쇼핑,500,4050338900,중앙로12길,50,100.092194194444,143.7
동문재래시장,쇼핑,500,4050181501,성지로,50,217.196096032433,297.7
동문재래시장,쇼핑,500,4050193801,만덕로4길,60,165.032619491957,435.0
동문재래시장,쇼핑,500,4050339500,중앙로19길,10,38.435381933772,363.1
동문재래시장,쇼핑,500,4050193002,중앙로,60,57.324281787809,388.4
동문재래시장,쇼핑,500,4050192901,중앙로,60,59.064723806701,391.9
동문재래시장,쇼핑,500,4050204800,북성로,50,50.078469600677,459.5
동문재래시장,쇼핑,500,4050340500,동문로8길,40,114.430670456654,278.5
동문재래시장,쇼핑,500,4050193001,중앙로,50,183.681328739204,212.1
동문재래시장,쇼핑,500,4050340300,동문로6길,50,46.101013775229,278.5
동문재래시장,쇼핑,500,4050339700,중앙로13길,50,66.914377032888,26.2
동문재래시장,쇼핑,500,4050340200,동문로6길,50,45.934126179897,267.3
동문재래시장,쇼핑,500,4050340000,동문로6길,50,25.636143610231,266.7
동문재래시장,쇼핑,500,4050192201,산지로,30,50.427471946023,360.7
동문재래시장,쇼핑,500,4050201600,산지로,50,250.026822868694,445.9
동문재래시장,쇼핑,500,4050026700,중앙로,50,364.498477197521,448.1
동문재래시장,쇼핑,500,4050027201,중앙로,50,239.920957904421,456.8
동문재래시장,쇼핑,500,4050027701,중앙로,50,73.165440153909,392.8
동문재래시장,쇼핑,500,4050027702,중앙로,50,103.663313201436,332.5
동문재래시장,쇼핑,500,4050027801,중앙로,50,191.640859217674,342.8
동문재래시장,쇼핑,500,4050028300,중앙로,50,410.394614730759,131.2
동문재래시장,쇼핑,500,4050028400,중앙로,50,207.843794496595,169.0
동문재래시장,쇼핑,500,4050029001,중앙로,50,123.792690859993,143.7
동문재래시장,쇼핑,500,4050029002,중앙로,50,58.182504430141,143.1
동문재래시장,쇼핑,500,4050176103,오현길,40,18.38121418904,160.9
동문재래시장,쇼핑,500,4050176201,오현길,30,18.374684496917,160.5
동문재래시장,쇼핑,500,4050177700,남성로,30,316.145972605051,342.8
동문재래시장,쇼핑,500,4050177800,남성로,30,318.58364883157,333.2
동문재래시장,쇼핑,500,4050178900,성지로,50,251.716772853895,178.9
동문재래시장,쇼핑,500,4050179000,성지로,50,255.392923704701,190.9
동문재래시장,쇼핑,500,4050180500,성지로,50,79.073324293385,146.5
동문재래시장,쇼핑,500,4050180600,성지로,50,79.969905300554,158.5
동문재래시장,쇼핑,500,4050341000,관덕로15길,50,87.423523029233,431.3
동문재래시장,쇼핑,500,4050181601,성지로,50,190.812711968154,167.2
동문재래시장,쇼핑,500,4050339900,중앙로13길,50,63.741668775302,54.7
동문재래시장,쇼핑,500,4050200400,관덕로17길,30,21.441054990207,409.9
동문재래시장,쇼핑,500,4050340600,중앙로8길,30,92.962195716459,397.3
동문재래시장,쇼핑,500,4050180801,오현길,30,179.44688693535,67.1
동문재래시장,쇼핑,500,4050191201,동문로,50,97.026949998974,223.3
동문재래시장,쇼핑,500,4050205000,중앙로,50,127.576560234789,454.6
동문재래시장,쇼핑,500,4050191102,동문로,50,80.140016597386,243.5
동문재래시장,쇼핑,500,4050339600,중앙로13길,50,89.795171540207,14.2
동문재래시장,쇼핑,500,4050180200,중앙로14길,30,99.590357107372,161.8
동문재래시장,쇼핑,500,4050349600,중앙로5길,40,109.734077123091,430.7
동문재래시장,쇼핑,500,4050181602,성지로,40,219.312148561709,303.5
동문재래시장,쇼핑,500,4050317200,동문로6길,50,31.214585279873,267.2
동문재래시장,쇼핑,500,4050191400,동문로,50,175.044945207092,400.4
동문재래시장,쇼핑,500,4050341300,관덕로15길,40,67.541173178105,420.0
동문재래시장,쇼핑,500,4050180701,오현길,40,144.830336164223,57.6
동문재래시장,쇼핑,500,4050175300,중앙로21길,30,40.410871487521,420.8
동문재래시장,쇼핑,500,4050342800,만덕로6길,50,110.960566333879,304.9
동문재래시장,쇼핑,500,4050192102,산지로,50,54.702837241654,357.9
동문재래시장,쇼핑,500,4050340700,중앙로8길,30,65.590766567458,391.9
동문재래시장,쇼핑,500,4050189900,관덕로,50,423.552134674582,210.1
동문재래시장,쇼핑,500,4050338800,중앙로12길,50,96.646370613042,143.1
동문재래시장,쇼핑,500,4050200300,관덕로17길,30,21.579257108339,421.8
동문재래시장,쇼핑,500,4050340900,중앙로7길,30,65.523250863993,362.1
동문재래시장,쇼핑,500,4050191900,관덕로,50,200.088911631233,160.3
동문재래시장,쇼핑,500,4050192300,관덕로,60,56.010535660826,173.6
우진해장국/본관,음식,500,4050180802,오현길,40,60.675842988573,488.8
우진해장국/본관,음식,500,4050205202,북성로,40,37.754680660614,465.1
우진해장국/본관,음식,500,4050190200,무근성7길,40,149.397592266893,154.1
우진해장국/본관,음식,500,4050349000,서문로2길,50,41.23338836945,381.1
우진해장국/본관,음식,500,4050338200,서사로2길,60,79.84561504193,233.9
우진해장국/본관,음식,500,4050199700,탑동로,30,117.289351750978,389.0
우진해장국/본관,음식,500,4050338600,서사로,50,209.595341522592,45.3
우진해장국/본관,음식,500,4050349100,서문로2길,50,34.297201998648,393.3
우진해장국/본관,음식,500,4050181401,서문로,60,118.126595006627,276.5
우진해장국/본관,음식,500,4050349300,용담로19길,50,35.577790931926,451.2
우진해장국/본관,음식,500,4050338400,서사로2길,60,62.636866689968,126.5
우진해장국/본관,음식,500,4050180702,오현길,30,178.680536903178,494.1
우진해장국/본관,음식,500,4050182000,용한로,60,272.284763681132,456.4
우진해장국/본관,음식,500,4050198500,무근성길,30,38.141136130784,308.7
우진해장국/본관,음식,500,4050176501,용담로,60,94.154706342858,468.7
우진해장국/본관,음식,500,4050337700,용담로17길,50,50.139167424301,402.6
우진해장국/본관,음식,500,4050182800,서문로5길,30,136.57811439436,388.4
우진해장국/본관,음식,500,4050333200,서사로2길,60,49.63432996232,176.6
우진해장국/본관,음식,500,4050199800,탑동로,30,119.035743797653,388.4
우진해장국/본관,음식,500,4050336900,용담로17길,50,86.348854942404,336.2
우진해장국/본관,음식,500,4050180100,중앙로14길,30,109.826776603552,102.6
우진해장국/본관,음식,500,4050190000,관덕로,60,426.99314675129,157.4
우진해장국/본관,음식,500,4050187600,관덕로,60,76.853516035631,142.0
우진해장국/본관,음식,500,4050205700,북성로,30,69.31461350518,495.3
우진해장국/본관,음식,500,4050192902,중앙로,50,182.898299145686,461.5
우진해장국/본관,음식,500,4050190100,무근성7길,40,135.149990920064,157.4
우진해장국/본관,음식,500,4050182700,서문로5길,30,41.216602683334,266.0
우진해장국/본관,음식,500,4050187700,탑동로,60,234.668116396856,142.8
우진해장국/본관,음식,500,4050335700,탑동로5길,50,51.070867041584,472.6
우진해장국/본관,음식,500,4050338500,서사로2길,60,67.697248165178,114.4
우진해장국/본관,음식,500,4050192000,관덕로,50,272.494231681806,472.2
우진해장국/본관,음식,500,4050336800,용담로17길,50,44.766932502522,311.9
우진해장국/본관,음식,500,4050203800,북성로,30,121.406044799855,462.9
우진해장국/본관,음식,500,4050337900,용담로19길,50,75.464323211574,385.8
우진해장국/본관,음식,500,4050205300,무근성길,40,69.670983315158,462.9
우진해장국/본관,음식,500,4050349500,서사로2길,60,33.989616893826,384.0
우진해장국/본관,음식,500,4050181900,용한로,60,270.78186223665,450.4
우진해장국/본관,음식,500,4050198800,무근성7길,30,156.877425945234,398.1
우진해장국/본관,음식,500,4050338900,중앙로12길,50,100.092194194444,325.2
우진해장국/본관,음식,500,4050338700,서사로,50,236.420575337862,50.3
우진해장국/본관,음식,500,4050339500,중앙로19길,10,38.435381933772,496.1
우진해장국/본관,음식,500,4050338100,서사로2길,60,197.158162593109,182.1
우진해장국/본관,음식,500,4050193001,중앙로,50,183.681328739204,472.2
우진해장국/본관,음식,500,4050337400,서문로4길,50,17.7548715141,219.5
우진해장국/본관,음식,500,4050182500,서문로,50,90.092101230052,186.9
우진해장국/본관,음식,500,4050176502,용담로,30,149.286964467675,485.4
우진해장국/본관,음식,500,4050337000,서문로4길,50,90.136946559209,219.8
우진해장국/본관,음식,500,4050187800,탑동로,30,238.649519325088,143.9
우진해장국/본관,음식,500,4050181402,서문로,60,153.677519150125,396.9
우진해장국/본관,음식,500,4050337800,용담로19길,50,83.866155213987,371.3
우진해장국/본관,음식,500,4050338000,서사로2길,60,47.722579197988,324.0
우진해장국/본관,음식,500,4050337300,서문로4길,50,207.405682409449,220.0
우진해장국/본관,음식,500,4050027701,중앙로,50,73.165440153909,496.1
우진해장국/본관,음식,500,4050027702,중앙로,50,103.663313201436,395.2
우진해장국/본관,음식,500,4050027801,중앙로,50,191.640859217674,387.2
우진해장국/본관,음식,500,4050028300,중앙로,50,410.394614730759,381.6
우진해장국/본관,음식,500,4050028400,중앙로,50,207.843794496595,369.6
우진해장국/본관,음식,500,4050029001,중앙로,50,123.792690859993,417.1
우진해장국/본관,음식,500,4050029002,중앙로,50,58.182504430141,391.7
우진해장국/본관,음식,500,4050167800,서사로,50,251.584632738312,277.0
우진해장국/본관,음식,500,4050174300,남성로,50,330.296207381936,479.9
우진해장국/본관,음식,500,4050174400,남성로,50,261.334441403346,480.7
우진해장국/본관,음식,500,4050176301,남성로,50,40.281135344564,431.2
우진해장국/본관,음식,500,4050176302,남성로,60,280.631745512184,277.0
우진해장국/본관,음식,500,4050176401,남성로,50,280.373138162943,265.2
우진해장국/본관,음식,500,4050176402,남성로,60,41.737031521765,427.9
우진해장국/본관,음식,500,4050177700,남성로,30,316.145972605051,272.5
우진해장국/본관,음식,500,4050177800,남성로,30,318.58364883157,260.5
우진해장국/본관,음식,500,4050177900,서사로,50,119.177597408883,146.7
우진해장국/본관,음식,500,4050178000,서사로,50,119.063810112495,150.5
우진해장국/본관,음식,500,4050178900,성지로,50,251.716772853895,390.3
우진해장국/본관,음식,500,4050179000,성지로,50,255.392923704701,395.2
우진해장국/본관,음식,500,4050180301,서사로,60,9.047315032339,123.4
우진해장국/본관,음식,500,4050180303,서사로,60,225.40440446027,31.1
우진해장국/본관,음식,500,4050180402,서사로,60,9.047030383061,126.5
우진해장국/본관,음식,500,4050180403,서사로,60,93.749656832309,50.3
우진해장국/본관,음식,500,4050180404,서사로,60,113.480594030051,43.1
우진해장국/본관,음식,500,4050181302,서문로,60,118.797298352389,270.9
우진해장국/본관,음식,500,4050336500,서문로2길,50,69.533274424321,408.6
우진해장국/본관,음식,500,4050336400,서문로2길,50,56.640878980245,397.8
우진해장국/본관,음식,500,4050340600,중앙로8길,30,92.962195716459,437.9
우진해장국/본관,음식,500,4050349200,용담로19길,50,48.073475594375,442.8
우진해장국/본관,음식,500,4050180801,오현길,30,179.44688693535,482.0
우진해장국/본관,음식,500,4050187500,관덕로,60,85.653578461081,130.0
우진해장국/본관,음식,500,4050339600,중앙로13길,50,89.795171540207,498.3
우진해장국/본관,음식,500,4050180200,중앙로14길,30,99.590357107372,292.6
우진해장국/본관,음식,500,4050337100,서문로4길,50,89.564057120243,207.8
우진해장국/본관,음식,500,4050205101,북성로,40,82.651904200348,450.9
우진해장국/본관,음식,500,4050349400,서사로2길,60,45.722723436101,385.8
우진해장국/본관,음식,500,4050203700,북성로,30,99.290535003651,469.2
우진해장국/본관,음식,500,4050198600,무근성길,30,44.88942834864,406.7
우진해장국/본관,음식,500,4050205102,북성로,40,97.266674662641,460.9
우진해장국/본관,음식,500,4050198700,무근성7길,30,79.603249850531,299.3
우진해장국/본관,음식,500,4050176601,용담로,60,260.284326813484,480.7
우진해장국/본관,음식,500,4050182600,서문로,50,116.022226159085,143.9
우진해장국/본관,음식,500,4050181301,서문로,60,150.642220739594,393.6
우진해장국/본관,음식,500,4050189900,관덕로,50,423.552134674582,145.9
우진해장국/본관,음식,500,4050338800,중앙로12길,50,96.646370613042,323.7
우진해장국/본관,음식,500,4050337200,서문로4길,50,149.220520702024,221.0
우진해장국/본관,음식,500,4050337500,서문로4길,50,12.531542703421,207.9
우진해장국/본관,음식,500,4050336600,용담로17길,50,21.413583096605,406.4
우진해장국/본관,음식,500,4050192300,관덕로,60,56.010535660826,467.5
우진해장국/본관,음식,500,4050336700,용담로17길,50,33.865622857762,412.6
우진해장국/본관,음식,500,4050337600,용담로17길,50,49.715463209668,412.6
용두암,기타관광,500,4050188300,용담로,30,15.75911667921,341.2
용두암,기타관광,500,4050334500,용두암길,50,98.048678115316,343.6
용두암,기타관광,500,4050199700,탑동로,30,117.289351750978,499.1
용두암,기타관광,500,4050181801,용담로,50,30.589800085423,398.4
용두암,기타관광,500,4050335300,용담로1길,50,56.502940263709,459.3
용두암,기타관광,500,4050181201,용담로,60,63.372003850833,442.5
용두암,기타관광,500,4050184802,흥운길,50,110.104442986311,185.0
용두암,기타관광,500,4050182000,용한로,60,272.284763681132,409.9
용두암,기타관광,500,4050188400,용담로,30,108.045272913909,284.2
용두암,기타관광,500,4050184702,흥운길,50,85.801932893935,104.4
용두암,기타관광,500,4050335200,용담로1길,50,112.568914156022,427.3
용두암,기타관광,500,4050206003,서해안로,40,70.357861621139,445.5
용두암,기타관광,500,4050189100,용담로,50,69.740549561901,350.1
용두암,기타관광,500,4050177600,흥운길,30,92.691208145271,327.8
용두암,기타관광,500,4050203900,탑동로,60,118.559014464145,494.1
용두암,기타관광,500,4050204200,탑동로,60,187.232933976966,453.3
용두암,기타관광,500,4050182800,서문로5길,30,136.57811439436,484.6
용두암,기타관광,500,4050199800,탑동로,30,119.035743797653,487.2
용두암,기타관광,500,4050205902,서해안로,40,102.221753420307,331.2
용두암,기타관광,500,4050334900,용화로9길,50,58.275954015811,402.8
용두암,기타관광,500,4050190600,용담로5길,50,347.237982714581,301.1
용두암,기타관광,500,4050204100,탑동로,60,118.300184959648,465.3
용두암,기타관광,500,4050181900,용한로,60,270.78186223665,421.7
용두암,기타관광,500,4050184500,용담로,30,118.810382145082,285.7
용두암,기타관광,500,4050189200,용담로,50,70.420503608291,340.3
용두암,기타관광,500,4050205904,서해안로,40,72.358470244436,441.4
용두암,기타관광,500,4050184801,흥운길,50,175.289307202557,37.4
용두암,기타관광,500,4050178702,용한로,60,170.551767855584,442.5
용두암,기타관광,500,4050204000,탑동로,60,112.560409024492,482.1
용두암,기타관광,500,4050184600,용담로,30,51.302117631842,290.9
용두암,기타관광,500,4050190401,용담로,50,59.245925873048,394.9
용두암,기타관광,500,4050181101,용담로,60,131.891556665501,440.3
용두암,기타관광,500,4050184701,흥운길,50,90.037415600144,259.4
용두암,기타관광,500,4050207400,탑동로,60,99.031136545978,493.1
용두암,기타관광,500,4050201700,서해안로,40,283.363554924798,113.9
용두암,기타관광,500,4050206001,서해안로,40,107.15773481089,331.0
용두암,기타관광,500,4050178801,용한로,60,177.308897566894,430.3
용두암,기타관광,500,4050201800,서해안로,40,298.836314889211,101.9
용두암,기타관광,500,4050181802,용담로,50,49.913440998412,349.9
용두암,기타관광,500,4050181701,용담로,50,40.2006211539,334.6
용두암,기타관광,500,4050190302,용담로,50,64.903035990623,447.2
용두암,기타관광,500,4050203700,북성로,30,99.290535003651,499.1
용두암,기타관광,500,4050188500,용담로7길,30,223.976695628962,119.6
용두암,기타관광,500,4050188600,용담로7길,40,46.509984628436,238.5
용두암,기타관광,500,4050190500,용담로5길,50,23.845269204573,324.3
용두암,기타관광,500,4050334400,용두암길,50,157.042980216713,198.5
이호테우해변,자연관광,500,4050155901,서해안로,50,96.555919868732,495.8
이호테우해변,자연관광,500,4050142702,도리로,50,130.399516192576,161.3
이호테우해변,자연관광,500,4050060506,오광로,60,198.875425646026,431.8
이호테우해변,자연관광,500,4050142000,도리로,50,33.359825466964,34.2
이호테우해변,자연관광,500,4050060601,오광로,60,387.483005185303,167.7
이호테우해변,자연관광,500,4050141900,도리로,50,33.267099089167,45.7
이호테우해변,자연관광,500,4050345100,오도4길,50,80.59126559971,418.8
이호테우해변,자연관광,500,4050345000,오도4길,50,91.58913203964,426.2
이호테우해변,자연관광,500,4050022101,일주서로,50,122.699305494645,420.2
이호테우해변,자연관광,500,4050022102,일주서로,50,22.930650572035,385.3
이호테우해변,자연관광,500,4050022201,일주서로,50,24.096608907093,384.7
이호테우해변,자연관광,500,4050022202,일주서로,50,122.919107836455,420.7
이호테우해변,자연관광,500,4050022300,일주서로,50,350.357841310226,177.9
이호테우해변,자연관광,500,4050022400,일주서로,50,351.797459545339,180.6
이호테우해변,자연관광,500,4050022500,일주서로,50,258.926098293561,139.1
이호테우해변,자연관광,500,4050022600,일주서로,50,495.979887853569,95.0
이호테우해변,자연관광,500,4050137600,도리로,50,83.644312439389,71.8
이호테우해변,자연관광,500,4050134900,테우해안로,50,382.94828806193,62.6
이호테우해변,자연관광,500,4050297400,오도길,50,159.398490214406,420.7
이호테우해변,자연관광,500,4050137500,도리로,50,117.12647592898,65.6
이호테우해변,자연관광,500,4050296800,오도길,50,50.659886158715,480.4
이호테우해변,자연관광,500,4050142701,도리로,50,31.485205935159,32.4
이호테우해변,자연관광,500,4050297500,오도길,50,106.031433209705,408.8
이호테우해변,자연관광,500,4050297300,서해안로,50,377.115512899189,172.4
이호테우해변,자연관광,500,4050060502,오광로,60,372.872932107526,155.7
이호테우해변,자연관광,500,4050142802,도리로,50,102.521806377776,64.7
이호테우해변,자연관광,500,4050296900,오도길,50,45.582397095045,471.6
이호테우해변,자연관광,500,4050060605,오광로,60,198.960957678335,435.1
함덕해수욕장,자연관광,500,4050599400,함덕20길,30,105.821327278248,277.0
함덕해수욕장,자연관광,500,4050603500,조함해안로,30,93.94329300771,242.5
함덕해수욕장,자연관광,500,4050596700,함덕18길,30,311.865575616726,369.4
함덕해수욕장,자연관광,500,4050604100,함덕로,30,105.01903617224,116.9
함덕해수욕장,자연관광,500,4050604800,조함해안로,30,111.090576480279,14.0
함덕해수욕장,자연관광,500,4050604900,조함해안로,30,102.99311313506,0.9
함덕해수욕장,자연관광,500,4050274800,함덕12길,40,75.268170202926,386.9
함덕해수욕장,자연관광,500,4050602800,신북로,30,36.436852853015,183.1
함덕해수욕장,자연관광,500,4050603100,함덕13길,30,141.434740349078,65.7
함덕해수욕장,자연관광,500,4050603300,신북로,30,111.996769904442,206.0
함덕해수욕장,자연관광,500,4050602900,신북로,30,36.436852853019,195.8
함덕해수욕장,자연관광,500,4050602200,함덕19길,30,52.179501056391,212.9
함덕해수욕장,자연관광,500,4050275000,함덕서4길,30,30.163838645324,482.6
함덕해수욕장,자연관광,500,4050600200,신북로,30,81.657326844284,498.1
함덕해수욕장,자연관광,500,4050604400,조함해안로,30,147.27175923266,134.4
함덕해수욕장,자연관광,500,4050600300,신북로,30,77.870560813465,488.1
함덕해수욕장,자연관광,500,4050602600,신북로,30,128.430248252166,175.1
함덕해수욕장,자연관광,500,4050604600,조함해안로,30,42.396741990457,75.0
함덕해수욕장,자연관광,500,4050603200,신북로,30,115.434847230854,193.9
함덕해수욕장,자연관광,500,4050600700,신북로,30,291.307281180373,277.0
함덕해수욕장,자연관광,500,4050600600,신북로,30,282.979396078828,268.6
함덕해수욕장,자연관광,500,4050604500,조함해안로,30,142.933191538661,133.7
함덕해수욕장,자연관광,500,4050604000,함덕로,30,90.311857451498,134.4
함덕해수욕장,자연관광,500,4050599500,함덕20길,30,74.459754418953,267.7
함덕해수욕장,자연관광,500,4050601400,신북로,30,62.693373166143,212.9
함덕해수욕장,자연관광,500,4050602700,신북로,30,85.018721003527,188.1
함덕해수욕장,자연관광,500,4050596800,함덕18길,30,190.823959446637,376.5
함덕해수욕장,자연관광,500,4050603600,신북로,50,101.376076025559,281.6
함덕해수욕장,자연관광,500,4050605100,조함해안로,30,173.325103750549,54.8
함덕해수욕장,자연관광,500,4050602400,-,30,187.614997056018,75.0
함덕해수욕장,자연관광,500,4050603700,신북로,50,45.586866604103,340.6
함덕해수욕장,자연관광,500,4050598100,함덕20길,30,123.719049425666,361.7
함덕해수욕장,자연관광,500,4050603000,함덕13길,30,149.579970236855,50.7
함덕해수욕장,자연관광,500,4050599600,함덕18길,30,204.484983990589,188.1
함덕해수욕장,자연관광,500,4050602500,-,30,180.313678855718,63.9
함덕해수욕장,자연관광,500,4050601100,함덕로,30,341.638511923897,226.5
함덕해수욕장,자연관광,500,4050263800,조함해안로,50,213.130208975951,281.2
함덕해수욕장,자연관광,500,4050603400,조함해안로,30,95.756233699328,231.0
함덕해수욕장,자연관광,500,4050605000,조함해안로,30,63.936676126176,167.4
함덕해수욕장,자연관광,500,4050605200,조함해안로,50,479.250473085297,239.5
함덕해수욕장,자연관광,500,4050603800,신북로,30,336.843800903944,377.8
함덕해수욕장,자연관광,500,4050599700,함덕18길,30,223.389746168262,200.5
함덕해수욕장,자연관광,500,4050602300,함덕19길,30,211.087518503931,202.6
함덕해수욕장,자연관광,500,4050275100,함덕서4길,30,191.073601718615,421.3
함덕해수욕장,자연관광,500,4050601000,함덕로,30,356.532106852815,225.0
함덕해수욕장,자연관광,500,4050604700,조함해안로,30,42.396741990386,73.7
함덕해수욕장,자연관광,500,4050601500,신북로,30,85.012079095359,208.3
제주국제공항,기타관광,500,4050617901,-,70,79.949974716396,76.2
제주국제공항,기타관광,500,4050617801,-,70,32.724744378192,64.2
제주국제공항,기타관광,500,4050618401,다호북길,60,232.300448312163,270.7
제주국제공항,기타관광,500,4050618801,다호북길,60,94.011084986125,270.6
제주국제공항,기타관광,500,4050618501,다호북길,60,244.998347859247,246.5
제주국제공항,기타관광,500,4050618001,공항로,70,305.227045793862,284.9
제주국제공항,기타관광,500,4050619001,공항로,70,142.13807043047,131.4
제주국제공항,기타관광,500,4050619101,공항로,70,138.459566020711,142.2
제주국제공항,기타관광,500,4050618201,다호북길,60,129.765849968804,402.3
제주국제공항,기타관광,500,4050618901,다호북길,60,93.691103772047,246.3
제주국제공항,기타관광,500,4050618301,다호북길,60,129.870998230458,399.1
섭지코지,기타관광,1000,4060532701,-,50,298.586158844978,985.3
섭지코지,기타관광,1000,4060532801,-,50,298.76381425431,834.0
아쿠아플라넷/제주,문화관광,500,4060509700,섭지코지로,50,254.119082711409,312.1
아쿠아플라넷/제주,문화관광,500,4060509800,섭지코지로,50,264.315843121282,315.9
아쿠아플라넷/제주,문화관광,500,4060532701,-,50,298.586158844978,124.9
아쿠아플라넷/제주,문화관광,500,4060532801,-,50,298.76381425431,112.1
성산포종합여객터미널,기타관광,500,4060530700,성산등용로,50,71.562983998556,395.7
성산포종합여객터미널,기타관광,500,4060271400,-,50,380.630252464989,2.5
성산포종합여객터미널,기타관광,500,4060274800,성산등용로,50,121.203216318055,162.9
성산포종합여객터미널,기타관광,500,4060273300,성산등용로,50,243.729725170416,77.1
성산포종합여객터미널,기타관광,500,4060274900,성산등용로,50,119.416083290906,171.7
성산포종합여객터미널,기타관광,500,4060531300,성산등용로,50,84.493736725135,266.7
성산포종합여객터미널,기타관광,500,4060528800,성산등용로,50,160.167224940597,406.3
성산포종합여객터미널,기타관광,500,4060530800,성산등용로,50,71.58008311334,406.3
성산포종합여객터미널,기타관광,500,4060271500,-,50,404.938891352843,14.5
성산포종합여객터미널,기타관광,500,4060531400,성산등용로,50,84.686550748961,277.4
성산포종합여객터미널,기타관광,500,4060530600,성산등용로,50,146.041226566824,277.4
성산포종합여객터미널,기타관광,500,4060528700,성산등용로,50,164.542453917804,399.6
성산포종합여객터미널,기타관광,500,4060273200,성산등용로,50,95.010275553586,110.4
성산포종합여객터미널,기타관광,500,4060530500,성산등용로,50,139.413811628514,273.7
비자림,자연관광,500,4050554400,다랑쉬북로,50,346.00968733824,211.5
비자림,자연관광,500,4050621301,다랑쉬북로,60,299.333245692044,161.7
비자림,자연관광,500,4050551600,비자숲길,50,13.537313801326,65.2
비자림,자연관광,500,4050554500,다랑쉬북로,50,371.897331462353,200.9
비자림,자연관광,500,4050554300,비자숲길,50,393.107197727347,211.5
비자림,자연관광,500,4050621401,다랑쉬북로,60,406.324253558542,228.0
비자림,자연관광,500,4050555400,비자림로,50,443.307168760727,468.4
비자림,자연관광,500,4050621201,다랑쉬북로,60,298.370665877516,155.4
비자림,자연관광,500,4050554200,비자숲길,50,123.41187418057,205.3
비자림,자연관광,500,4050551700,비자숲길,50,190.439224920078,76.3
비자림,자연관광,500,4050555500,비자림로,50,474.745398522075,480.4
김녕해수욕장,자연관광,500,4050277400,김녕로21길,50,191.066049605177,401.3
김녕해수욕장,자연관광,500,4050277900,-,50,159.14851528689,338.1
김녕해수욕장,자연관광,500,4050614800,김녕로,30,44.796950868045,364.4
김녕해수욕장,자연관광,500,4050615000,해맞이해안로,50,123.028005189074,64.7
김녕해수욕장,자연관광,500,4050614700,김녕로,50,20.454506761041,419.1
김녕해수욕장,자연관광,500,4050277600,김녕로,50,375.492351479922,113.5
김녕해수욕장,자연관광,500,4050277700,김녕로,50,339.808179844969,126.0
김녕해수욕장,자연관광,500,4050614300,김녕로,50,301.570017815316,113.9
김녕해수욕장,자연관광,500,4050277500,김녕로21길,50,57.404363828783,420.1
김녕해수욕장,자연관광,500,4050611500,김녕로,50,343.450116957149,375.3
김녕해수욕장,자연관광,500,4050614900,김녕로,30,100.658018290574,129.3
김녕해수욕장,자연관광,500,4050277800,-,50,159.270768655981,361.3
김녕해수욕장,자연관광,500,4050614200,김녕로,50,270.882146518795,119.8
김녕해수욕장,자연관광,500,4050615300,김녕로,50,102.801924174426,103.7
김녕해수욕장,자연관광,500,4050615200,김녕로,50,105.902721248895,91.1
월정리해변,자연관광,500,4050611800,행원로,50,267.956284789387,415.8
월정리해변,자연관광,500,4050609700,행원로,30,129.488353461053,397.2
월정리해변,자연관광,500,4050611900,행원로,50,271.703242135826,403.2
월정리해변,자연관광,500,4050609600,행원로,30,420.293762301716,411.3
성산일출봉,자연관광,500,4060525800,성산중앙로,30,97.277189408099,305.1
성산일출봉,자연관광,500,4060274700,일출로,60,446.005404781501,474.4
성산일출봉,자연관광,500,4060525500,일출로,30,223.843584117163,301.8
성산일출봉,자연관광,500,4060526500,일출로,30,112.238947433253,51.4
성산일출봉,자연관광,500,4060526600,일출로,30,66.595407586738,85.8
성산일출봉,자연관광,500,4060525700,성산중앙로,30,395.009304637138,296.9
성산일출봉,자연관광,500,4060526900,한도로,30,304.523942923155,288.3
성산일출봉,자연관광,500,4060525600,일출로,30,117.088484360328,163.5
성산일출봉,자연관광,500,4060526800,일출로,30,157.984738580366,163.7
성산일출봉,자연관광,500,4060526700,일출로,30,168.904617035375,151.9
성산일출봉,자연관광,500,4060273600,성산등용로,50,58.032430241998,303.8
성산일출봉,자연관광,500,4060527000,한도로,30,436.898055761463,301.0
곽지해수욕장,자연관광,500,4050492700,천덕로,50,147.888975972796,396.0
곽지해수욕장,자연관광,500,4050495400,일주서로,30,218.303099286545,396.0
곽지해수욕장,자연관광,500,4050495500,일주서로,30,214.826532247852,387.5
곽지해수욕장,자연관광,500,4050496900,일주서로,30,297.115274595366,293.5
곽지해수욕장,자연관광,500,4050497000,일주서로,30,293.510704234659,265.0
곽지해수욕장,자연관광,500,4050506600,일주서로,60,267.710248537232,341.0
곽지해수욕장,자연관광,500,4050289900,곽지3길,40,56.86465201588,234.7
곽지해수욕장,자연관광,500,4050289800,곽지3길,40,36.717672602519,352.3
신창풍차해안도로,기타관광,1000,4050386000,일주서로,70,276.283172489045,980.0
신창풍차해안도로,기타관광,1000,4050387300,일주서로,70,209.239331244541,957.6
신창풍차해안도로,기타관광,1000,4050387600,일주서로,50,364.579029973417,976.2
신창풍차해안도로,기타관광,1000,4050379100,한경해안로,50,358.745510859561,724.0
신창풍차해안도로,기타관광,1000,4050284300,주전길,50,294.149906401403,938.9
신창풍차해안도로,기타관광,1000,4050386100,일주서로,70,276.283143720708,970.8
신창풍차해안도로,기타관광,1000,4050388000,두신로,30,177.136944704525,975.8
신창풍차해안도로,기타관광,1000,4050284200,주전길,50,321.711929430539,840.7
신창풍차해안도로,기타관광,1000,4050387200,일주서로,70,208.032267931984,966.9
신창풍차해안도로,기타관광,1000,4050387900,두신로,70,52.980731169629,963.1
신창풍차해안도로,기타관광,1000,4050387800,두신로,70,50.891857937438,972.5
신창풍차해안도로,기타관광,1000,4050388100,두신로,30,177.13692377627,966.5
금능해수욕장,자연관광,500,4050426200,한림로,50,127.617234862434,383.2
금능해수욕장,자연관광,500,4050421700,한림로,50,85.367731805797,320.1
금능해수욕장,자연관광,500,4050424400,한림로,30,225.684209320504,41.6
금능해수욕장,자연관광,500,4050420300,금능길,50,32.040963449958,284.9
금능해수욕장,자연관광,500,4050421600,한림로,50,59.342048007003,405.5
금능해수욕장,자연관광,500,4050423100,한림로,50,102.371522132962,290.9
금능해수욕장,자연관광,500,4050418500,금능남로,50,330.026422731037,476.9
금능해수욕장,자연관광,500,4050422900,한림로,30,278.5772292423,35.9
금능해수욕장,자연관광,500,4050422800,한림로,50,22.860069520689,290.6
금능해수욕장,자연관광,500,4050424500,한림로,30,136.997540315742,246.1
금능해수욕장,자연관광,500,4050420500,한림로,50,214.508160743551,473.3
금능해수욕장,자연관광,500,4050423900,금능길,50,306.55145465262,16.2
금능해수욕장,자연관광,500,4050423800,금능길,50,263.881430838793,35.9
금능해수욕장,자연관광,500,4050423000,한림로,50,92.261717294266,280.1
오설록티뮤지엄,문화관광,500,4050373400,글로벌에듀로,50,410.061945655654,270.6
오설록티뮤지엄,문화관광,500,4050373500,글로벌에듀로,50,469.720311841963,214.1
오설록티뮤지엄,문화관광,500,4060412200,녹차분재로,60,400.364546755717,208.0
오설록티뮤지엄,문화관광,500,4060418100,녹차분재로,50,131.811219156098,211.8
오설록티뮤지엄,문화관광,500,4050374800,녹차분재로,50,434.015145426692,262.6
오설록티뮤지엄,문화관광,500,4060412100,녹차분재로,60,406.559394683337,415.0
오설록티뮤지엄,문화관광,500,4060417400,신화역사로,60,112.537076397918,120.0
오설록티뮤지엄,문화관광,500,4060418000,녹차분재로,50,137.489609901227,199.3
판포포구,자연관광,500,4050405700,판포4길,10,134.745404682591,373.6
판포포구,자연관광,500,4050399100,일주서로,50,384.423254807957,429.7
판포포구,자연관광,500,4050407700,일주서로,50,154.435101859083,69.8
판포포구,자연관광,500,4050406200,판포4길,50,284.827762340403,81.1
판포포구,자연관광,500,4050405500,판조로,50,384.562900791156,484.0
판포포구,자연관광,500,4050407800,일주서로,50,344.24055983816,158.9
판포포구,자연관광,500,4050284900,판포4길,10,162.497877959496,377.6
판포포구,자연관광,500,4050407900,일주서로,50,345.541918018846,153.3
판포포구,자연관광,500,4050407600,일주서로,50,156.359635977809,80.5
판포포구,자연관광,500,4050406500,일주서로,50,409.226796072914,72.6
판포포구,자연관광,500,4050406400,일주서로,50,409.226960840481,83.2
판포포구,자연관광,500,4050284800,판포4길,10,63.775262154899,361.7
판포포구,자연관광,500,4050408800,일주서로,50,379.130611632833,496.4
판포포구,자연관광,500,4050406300,판포4길,50,287.766478424182,83.2
협재해수욕장,자연관광,500,4050426200,한림로,50,127.617234862434,102.6
협재해수욕장,자연관광,500,4050424400,한림로,30,225.684209320504,335.9
협재해수욕장,자연관광,500,4050424500,한림로,30,136.997540315742,204.3
협재해수욕장,자연관광,500,4050426300,한림로,50,31.092559994596,496.8
바이나흐튼크리스마스박물관,문화관광,500,4060407900,서광동로,10,439.394934961184,195.6
바이나흐튼크리스마스박물관,문화관광,500,4060428100,신화역사로,60,361.034003911552,379.2
바이나흐튼크리스마스박물관,문화관광,500,4060428000,신화역사로,60,266.813549419419,69.9
바이나흐튼크리스마스박물관,문화관광,500,4060427400,신화역사로,60,82.471615433037,271.5
용머리해안,기타관광,500,4060296100,사계남로,50,177.024493831774,480.5
용머리해안,기타관광,500,4060303800,산방로,50,270.488295492002,402.1
용머리해안,기타관광,500,4060303100,산방로,50,57.147081000637,494.4
용머리해안,기타관광,500,4060302500,사계남로216번길,50,257.883798233062,283.7
용머리해안,기타관광,500,4060303700,산방로,50,259.35082366465,393.2
용머리해안,기타관광,500,4060302400,사계남로216번길,50,28.016499334909,270.2
용머리해안,기타관광,500,4060304500,사계북로,50,438.287631554431,379.1
용머리해안,기타관광,500,4060304600,사계북로,50,341.037226658939,451.0
용머리해안,기타관광,500,4060200100,산방로,50,397.004528320502,313.8
서귀포매일올레시장,쇼핑,500,4060078800,태평로,50,50.423863224379,402.5
서귀포매일올레시장,쇼핑,500,4060033300,중정로,30,94.873568348612,121.4
서귀포매일올레시장,쇼핑,500,4060227900,태평로401번길,50,51.40737466887,295.6
서귀포매일올레시장,쇼핑,500,4060031502,솔동산로22번길,50,86.578468838269,462.4
서귀포매일올레시장,쇼핑,500,4060229300,중앙로54번길,50,102.823710648136,200.7
서귀포매일올레시장,쇼핑,500,4060057400,중정로,30,179.127787854565,351.1
서귀포매일올레시장,쇼핑,500,4060142700,동문로,30,377.077425239258,271.0
서귀포매일올레시장,쇼핑,500,4060044200,중정로,30,97.754490505064,350.5
서귀포매일올레시장,쇼핑,500,4060078700,태평로,50,56.341694978971,412.2
서귀포매일올레시장,쇼핑,500,4060031601,솔동산로22번길,50,100.267429633235,457.3
서귀포매일올레시장,쇼핑,500,4060033200,중정로,30,138.69104612982,187.1
서귀포매일올레시장,쇼핑,500,4060227000,명동로,50,56.941476052139,273.5
서귀포매일올레시장,쇼핑,500,4060078100,소암로12번길,30,301.86098832685,447.7
서귀포매일올레시장,쇼핑,500,4060042502,태평로442번길,50,48.328599228672,457.9
서귀포매일올레시장,쇼핑,500,4060228300,솔동산로10번길,50,58.239778418802,483.1
서귀포매일올레시장,쇼핑,500,4060228200,솔동산로10번길,50,53.76317323491,495.6
서귀포매일올레시장,쇼핑,500,4060224300,-,40,78.662016583315,422.8
서귀포매일올레시장,쇼핑,500,4060142800,동문로,30,375.636803178813,247.5
서귀포매일올레시장,쇼핑,500,4060044100,태평로,50,149.368282818197,426.5
서귀포매일올레시장,쇼핑,500,4060032800,부두로,30,234.736420796903,369.7
서귀포매일올레시장,쇼핑,500,4060032302,솔동산로,30,104.518032313245,384.6
서귀포매일올레시장,쇼핑,500,4060037300,중정로,50,29.140682043617,223.4
서귀포매일올레시장,쇼핑,500,4060042402,태평로442번길,50,84.055545070227,381.4
서귀포매일올레시장,쇼핑,500,4060041900,소암로,30,115.248743009155,363.7
서귀포매일올레시장,쇼핑,500,4060241200,정방로,40,75.362674615955,455.1
서귀포매일올레시장,쇼핑,500,4060077301,태평로353번길,50,20.43424544957,280.3
서귀포매일올레시장,쇼핑,500,4060224900,태평로401번길,50,52.765543529295,354.8
서귀포매일올레시장,쇼핑,500,4060226700,태평로353번길,50,128.547196598531,332.4
서귀포매일올레시장,쇼핑,500,4060241500,중앙로4번길,50,100.658805984727,359.0
서귀포매일올레시장,쇼핑,500,4060143300,태평로,50,342.124468650517,436.4
서귀포매일올레시장,쇼핑,500,4060042401,태평로442번길,50,53.652953810166,464.1
서귀포매일올레시장,쇼핑,500,4060031200,태평로,50,323.716135910626,424.2
서귀포매일올레시장,쇼핑,500,4060229200,중앙로54번길,50,101.330349112426,211.6
서귀포매일올레시장,쇼핑,500,4060227800,태평로401번길,50,51.407438398634,300.4
서귀포매일올레시장,쇼핑,500,4060032700,부두로,30,243.213124682665,368.0
서귀포매일올레시장,쇼핑,500,4060033600,태평로,50,44.877847256375,351.0
서귀포매일올레시장,쇼핑,500,4060031301,태평로,50,100.445930557511,422.8
서귀포매일올레시장,쇼핑,500,4060031302,태평로,50,90.539934803846,387.3
서귀포매일올레시장,쇼핑,500,4060031402,태평로,50,109.906945690173,410.3
서귀포매일올레시장,쇼핑,500,4060032900,태평로,50,74.524032651903,369.7
서귀포매일올레시장,쇼핑,500,4060033000,태평로,50,70.728515492792,356.3
서귀포매일올레시장,쇼핑,500,4060033500,태평로,50,50.834558721555,363.7
서귀포매일올레시장,쇼핑,500,4060042200,태평로,50,95.933606016476,364.9
서귀포매일올레시장,쇼핑,500,4060042300,태평로,50,93.995077496081,352.3
서귀포매일올레시장,쇼핑,500,4060042600,태평로,50,113.184774325098,381.4
서귀포매일올레시장,쇼핑,500,4060042700,태평로,50,120.170996476702,369.2
서귀포매일올레시장,쇼핑,500,4060042800,정방로,60,171.986823563981,344.3
서귀포매일올레시장,쇼핑,500,4060042900,정방로,60,182.498723795936,333.0
서귀포매일올레시장,쇼핑,500,4060058100,동홍로,50,354.721990781303,337.3
서귀포매일올레시장,쇼핑,500,4060058200,동홍로,50,357.919172013878,347.9
서귀포매일올레시장,쇼핑,500,4060077502,중앙로,50,69.180799707058,215.1
서귀포매일올레시장,쇼핑,500,4060077503,중앙로,50,33.876305127775,415.8
서귀포매일올레시장,쇼핑,500,4060077504,중앙로,50,197.588204710363,254.1
서귀포매일올레시장,쇼핑,500,4060077601,중앙로,50,66.574875710195,226.7
서귀포매일올레시장,쇼핑,500,4060077603,중앙로,50,234.676675657066,263.2
서귀포매일올레시장,쇼핑,500,4060078500,태평로,50,25.736665609966,363.2
서귀포매일올레시장,쇼핑,500,4060078600,태평로,50,25.736640482419,350.5
서귀포매일올레시장,쇼핑,500,4060142501,중앙로,50,194.74642957595,209.2
서귀포매일올레시장,쇼핑,500,4060142502,중앙로,50,348.549988724716,269.5
서귀포매일올레시장,쇼핑,500,4060142601,중앙로,50,347.514948338356,278.4
서귀포매일올레시장,쇼핑,500,4060142602,중앙로,50,196.325380284744,220.5
서귀포매일올레시장,쇼핑,500,4060078300,소암로,30,64.735163737896,448.3
서귀포매일올레시장,쇼핑,500,4060226600,태평로353번길,50,58.267363960095,360.0
서귀포매일올레시장,쇼핑,500,4060077302,태평로353번길,40,114.982308031904,313.6
서귀포매일올레시장,쇼핑,500,4060078200,소암로12번길,30,284.903115027386,456.5
서귀포매일올레시장,쇼핑,500,4060041800,소암로,30,102.19143352497,363.2
서귀포매일올레시장,쇼핑,500,4060223800,태평로353번길,50,47.145613606376,298.3
서귀포매일올레시장,쇼핑,500,4060032301,솔동산로,40,91.979997108138,498.1
서귀포매일올레시장,쇼핑,500,4060230800,중앙로72번길,50,70.866797133325,481.7
서귀포매일올레시장,쇼핑,500,4060037200,중정로,50,30.321947872648,226.7
서귀포매일올레시장,쇼핑,500,4060043500,동부로,30,294.796354151066,432.0
서귀포매일올레시장,쇼핑,500,4060078400,소암로,30,64.735155494654,456.5
서귀포매일올레시장,쇼핑,500,4060227400,정방로,50,126.088449156134,412.2
서귀포매일올레시장,쇼핑,500,4060042000,태평로431번길,50,316.190612635271,174.4
서귀포매일올레시장,쇼핑,500,4060223900,태평로353번길,50,41.10715478077,311.5
서귀포매일올레시장,쇼핑,500,4060143201,중정로,30,18.193948629574,276.7
서귀포매일올레시장,쇼핑,500,4060224200,-,40,80.253178606578,417.4
서귀포매일올레시장,쇼핑,500,4060042501,태평로442번길,50,73.366760814852,379.7
서귀포매일올레시장,쇼핑,500,4060241300,정방로,40,78.952040573936,464.1
서귀포매일올레시장,쇼핑,500,4060077402,태평로353번길,40,43.604549068173,255.2
서귀포매일올레시장,쇼핑,500,4060031401,태평로,50,95.373242417236,373.1
서귀포매일올레시장,쇼핑,500,4060032402,솔동산로,40,86.713606062005,495.6
서귀포매일올레시장,쇼핑,500,4060227500,정방로,50,118.827174558222,407.7
서귀포매일올레시장,쇼핑,500,4060033100,중정로,30,138.1943528011,187.3
서귀포매일올레시장,쇼핑,500,4060230900,중앙로72번길,50,70.866792375199,491.7
서귀포매일올레시장,쇼핑,500,4060077401,태평로353번길,50,67.391898036645,425.7
서귀포매일올레시장,쇼핑,500,4060032401,솔동산로,30,98.429134486966,387.3
서귀포매일올레시장,쇼핑,500,4060224800,태평로401번길,50,54.610171398133,359.0
서귀포매일올레시장,쇼핑,500,4060033400,중정로,30,180.470748394238,11.8
서귀포매일올레시장,쇼핑,500,4060241400,중앙로4번길,50,99.745583008324,347.7
서귀포매일올레시장,쇼핑,500,4060043400,동부로,30,317.878278407475,437.3
서귀포매일올레시장,쇼핑,500,4060227100,명동로,50,12.421789778768,256.4
서귀포매일올레시장,쇼핑,500,4060042100,태평로431번길,50,312.191219271682,185.8
서귀포매일올레시장,쇼핑,500,4060044000,태평로,50,148.827663871627,437.3
서귀포매일올레시장,쇼핑,500,4060228000,솔동산로10번길,50,68.182749219356,498.5
서귀피안베이커리,음식,500,4060274100,신양로,50,321.589667581936,125.0
서귀피안베이커리,음식,500,4060510300,신고로,50,90.144635461677,476.8
서귀피안베이커리,음식,500,4060509700,섭지코지로,50,254.119082711409,155.7
서귀피안베이커리,음식,500,4060510600,섭지코지로,50,45.756191086547,438.5
서귀피안베이커리,음식,500,4060510400,신고로,40,97.88991289795,488.2
서귀피안베이커리,음식,500,4060267300,-,40,146.090738538733,491.1
서귀피안베이커리,음식,500,4060274000,신양로,50,309.678734161942,137.0
서귀피안베이커리,음식,500,4060511100,섭지코지로,50,232.690003703738,455.0
서귀피안베이커리,음식,500,4060506800,환해장성로,50,129.127315104387,479.2
서귀피안베이커리,음식,500,4060273800,신양로,50,250.520008819794,261.2
서귀피안베이커리,음식,500,4060271200,섭지코지로25번길,50,98.549665825541,462.4
서귀피안베이커리,음식,500,4060267200,-,40,135.193581618365,492.5
서귀피안베이커리,음식,500,4060509800,섭지코지로,50,264.315843121282,143.6
서귀피안베이커리,음식,500,4060274200,섭지코지로26번길,50,108.492901364934,358.4
서귀피안베이커리,음식,500,4060510800,신고로,50,194.05815708853,492.5
서귀피안베이커리,음식,500,4060532701,-,50,298.586158844978,275.6
서귀피안베이커리,음식,500,4060271300,섭지코지로25번길,50,98.117653609995,466.9
서귀피안베이커리,음식,500,4060510700,신고로,40,205.454488631814,481.2
서귀피안베이커리,음식,500,4060510500,섭지코지로,50,488.590681190429,160.5
서귀피안베이커리,음식,500,4060273900,신양로,50,252.085671380163,257.6
서귀피안베이커리,음식,500,4060274300,섭지코지로26번길,50,64.904186963626,251.2
서귀피안베이커리,음식,500,4060511200,섭지코지로,50,232.950456787804,466.9
서귀피안베이커리,음식,500,4060510000,신양로,50,332.108964010459,490.4
광치기해변,자연관광,500,4060520300,동류암로,50,58.617460126404,438.0
광치기해변,자연관광,500,4060521100,고성동서로,30,252.397081866688,427.1
광치기해변,자연관광,500,4060520800,일출로,60,397.259243461278,367.4
광치기해변,자연관광,500,4060521200,고성동서로,30,486.81765752749,439.1
광치기해변,자연관광,500,4060520700,일출로,60,397.50754695596,56.0
광치기해변,자연관광,500,4060519200,동류암로,50,201.373606021067,498.0
광치기해변,자연관광,500,4060520400,동류암로,50,60.847687433289,439.1
천제연폭포,자연관광,500,4060098607,중문로,50,147.444637046634,458.3
천제연폭포,자연관광,500,4060238000,중문로5번길,50,130.539649660378,300.4
천제연폭포,자연관광,500,4060216200,중문로81번길,50,113.735753689576,380.4
천제연폭포,자연관광,500,4060216800,중문로15번길,50,71.198249823663,375.2
천제연폭포,자연관광,500,4060275400,천제연로178번길,50,53.996955403011,458.7
천제연폭포,자연관광,500,4060051702,천제연로,30,175.301298684853,154.3
천제연폭포,자연관광,500,4060216400,중문로81번길,50,98.745889886781,492.3
천제연폭포,자연관광,500,4060215700,천제연로178번길,50,33.464944414822,424.2
천제연폭포,자연관광,500,4060216300,중문로81번길,50,114.623462340341,385.9
천제연폭포,자연관광,500,4060026900,천제연로,50,47.889235383108,486.5
천제연폭포,자연관광,500,4060040900,천제연로,30,25.661717397299,458.7
천제연폭포,자연관광,500,4060212300,중문로81번길,50,41.740649661025,259.9
천제연폭포,자연관광,500,4060215600,천제연로178번길,50,29.653597422452,425.0
천제연폭포,자연관광,500,4060099100,중문관광로,50,417.93046876369,470.6
천제연폭포,자연관광,500,4060216100,중문로81번길,50,89.544201896559,300.4
천제연폭포,자연관광,500,4060051602,천제연로,50,220.648626592905,251.0
천제연폭포,자연관광,500,4060040400,중문관광로110번길,40,309.449555766248,459.5
천제연폭포,자연관광,500,4060040700,중문관광로,40,72.568562804308,475.7
천제연폭포,자연관광,500,4060040800,중문관광로,40,320.881188987949,462.7
천제연폭포,자연관광,500,4060097600,중문관광로,40,193.332853399373,394.1
천제연폭포,자연관광,500,4060098100,중문관광로,40,339.131836002068,489.6
천제연폭포,자연관광,500,4060098200,중문관광로,40,34.07005131626,478.3
천제연폭포,자연관광,500,4060098508,중문로,50,154.1390152141,446.8
천제연폭포,자연관광,500,4060189500,중문로29번길,50,150.86515976778,497.6
천제연폭포,자연관광,500,4060216000,중문로81번길,50,89.165044528396,293.5
천제연폭포,자연관광,500,4060027000,천제연로,50,46.505471008833,489.6
천제연폭포,자연관광,500,4060189400,중문로29번길,50,153.412930223915,486.9
천제연폭포,자연관광,500,4060216500,중문로81번길,50,98.347125770337,497.6
천제연폭포,자연관광,500,4060051701,천제연로,50,214.125359367574,259.9
천제연폭포,자연관광,500,4060238100,중문로5번길,50,133.460802045798,290.9
천제연폭포,자연관광,500,4060051601,천제연로,30,498.672414672472,137.2
천제연폭포,자연관광,500,4060212000,천제연로188번길,50,31.015116090607,469.1
천제연폭포,자연관광,500,4060275500,천제연로178번길,50,53.94225407605,446.8
천제연폭포,자연관광,500,4060212200,중문로81번길,50,41.276237935314,251.9
천제연폭포,자연관광,500,4060216900,중문로15번길,50,91.720869573843,432.6
산방산,자연관광,500,4060303200,산방로,50,57.147081000628,416.6
산방산,자연관광,500,4060296100,사계남로,50,177.024493831774,478.8
산방산,자연관광,500,4060303800,산방로,50,270.488295492002,152.9
산방산,자연관광,500,4060303500,사계로114번길,30,331.022858273952,462.9
산방산,자연관광,500,4060303100,산방로,50,57.147081000637,413.4
산방산,자연관광,500,4060302500,사계남로216번길,50,257.883798233062,319.6
산방산,자연관광,500,4060303700,산방로,50,259.35082366465,157.9
산방산,자연관광,500,4060302400,사계남로216번길,50,28.016499334909,377.0
산방산,자연관광,500,4060304500,사계북로,50,438.287631554431,122.8
산방산,자연관광,500,4060304600,사계북로,50,341.037226658939,199.4
산방산,자연관광,500,4060302300,산방로,50,260.544101145268,483.5
산방산,자연관광,500,4060200100,산방로,50,397.004528320502,48.3
산방산,자연관광,500,4060303600,사계로114번길,50,326.686870285574,468.7
